Row ID,Order ID,Order Date,Ship Date,Ship Mode,Customer ID,Customer Name,Segment,Country,City,State,Postal Code,Region,Product ID,Category,Sub-Category,Product Name,Sales,Quantity,Discount,Profit
1,CA-2016-152156,08-11-2016,11-11-2016,Second Class,CG-12520,Claire Gute,Consumer,United States,Henderson,Kentucky,42420,South,FUR-BO-10001798,Furniture,Bookcases,Bush Somerset Collection Bookcase,261.96,2,0,41.9136
2,CA-2016-152156,08-11-2016,11-11-2016,Second Class,CG-12520,Claire Gute,Consumer,United States,Henderson,Kentucky,42420,South,FUR-CH-10000454,Furniture,Chairs,"Hon Deluxe Fabric Upholstered Stacking Chairs, Rounded Back",731.94,3,0,219.582
3,CA-2016-138688,12-06-2016,16-06-2016,Second Class,DV-13045,Darrin Van Huff,Corporate,United States,Los Angeles,California,90036,West,OFF-LA-10000240,Office Supplies,Labels,Self-Adhesive Address Labels for Typewriters by Universal,14.62,2,0,6.8714
4,US-2015-108966,11-10-2015,18-10-2015,Standard Class,SO-20335,Sean O'Donnell,Consumer,United States,Fort Lauderdale,Florida,33311,South,FUR-TA-10000577,Furniture,Tables,Bretford CR4500 Series Slim Rectangular Table,957.5775,5,0.45,-383.031
5,US-2015-108966,11-10-2015,18-10-2015,Standard Class,SO-20335,Sean O'Donnell,Consumer,United States,Fort Lauderdale,Florida,33311,South,OFF-ST-10000760,Office Supplies,Storage,Eldon Fold 'N Roll Cart System,22.368,2,0.2,2.5164
6,CA-2014-115812,09-06-2014,14-06-2014,Standard Class,BH-11710,Brosina Hoffman,Consumer,United States,Los Angeles,California,90032,West,FUR-FU-10001487,Furniture,Furnishings,"Eldon Expressions Wood and Plastic Desk Accessories, Cherry Wood",48.86,7,0,14.1694
7,CA-2014-115812,09-06-2014,14-06-2014,Standard Class,BH-11710,Brosina Hoffman,Consumer,United States,Los Angeles,California,90032,West,OFF-AR-10002833,Office Supplies,Art,Newell 322,7.28,4,0,1.9656
8,CA-2014-115812,09-06-2014,14-06-2014,Standard Class,BH-11710,Brosina Hoffman,Consumer,United States,Los Angeles,California,90032,West,TEC-PH-10002275,Technology,Phones,Mitel 5320 IP Phone VoIP phone,907.152,6,0.2,90.7152
9,CA-2014-115812,09-06-2014,14-06-2014,Standard Class,BH-11710,Brosina Hoffman,Consumer,United States,Los Angeles,California,90032,West,OFF-BI-10003910,Office Supplies,Binders,DXL Angle-View Binders with Locking Rings by Samsill,18.504,3,0.2,5.7825
10,CA-2014-115812,09-06-2014,14-06-2014,Standard Class,BH-11710,Brosina Hoffman,Consumer,United States,Los Angeles,California,90032,West,OFF-AP-10002892,Office Supplies,Appliances,Belkin F5C206VTEL 6 Outlet Surge,114.9,5,0,34.47
11,CA-2014-115812,09-06-2014,14-06-2014,Standard Class,BH-11710,Brosina Hoffman,Consumer,United States,Los Angeles,California,90032,West,FUR-TA-10001539,Furniture,Tables,Chromcraft Rectangular Conference Tables,1706.184,9,0.2,85.3092
12,CA-2014-115812,09-06-2014,14-06-2014,Standard Class,BH-11710,Brosina Hoffman,Consumer,United States,Los Angeles,California,90032,West,TEC-PH-10002033,Technology,Phones,Konftel 250 Conferenceÿphoneÿ- Charcoal black,911.424,4,0.2,68.3568
13,CA-2017-114412,15-04-2017,20-04-2017,Standard Class,AA-10480,Andrew Allen,Consumer,United States,Concord,North Carolina,28027,South,OFF-PA-10002365,Office Supplies,Paper,Xerox 1967,15.552,3,0.2,5.4432
14,CA-2016-161389,05-12-2016,10-12-2016,Standard Class,IM-15070,Irene Maddox,Consumer,United States,Seattle,Washington,98103,West,OFF-BI-10003656,Office Supplies,Binders,Fellowes PB200 Plastic Comb Binding Machine,407.976,3,0.2,132.5922
15,US-2015-118983,22-11-2015,26-11-2015,Standard Class,HP-14815,Harold Pawlan,Home Office,United States,Fort Worth,Texas,76106,Central,OFF-AP-10002311,Office Supplies,Appliances,"Holmes Replacement Filter for HEPA Air Cleaner, Very Large Room, HEPA Filter",68.81,5,0.8,-123.858
16,US-2015-118983,22-11-2015,26-11-2015,Standard Class,HP-14815,Harold Pawlan,Home Office,United States,Fort Worth,Texas,76106,Central,OFF-BI-10000756,Office Supplies,Binders,Storex DuraTech Recycled Plastic Frosted Binders,2.544,3,0.8,-3.816
17,CA-2014-105893,11-11-2014,18-11-2014,Standard Class,PK-19075,Pete Kriz,Consumer,United States,Madison,Wisconsin,53711,Central,OFF-ST-10004186,Office Supplies,Storage,"Stur-D-Stor Shelving, Vertical 5-Shelf: 72""H x 36""W x 18 1/2""D",665.88,6,0,13.3176
18,CA-2014-167164,13-05-2014,15-05-2014,Second Class,AG-10270,Alejandro Grove,Consumer,United States,West Jordan,Utah,84084,West,OFF-ST-10000107,Office Supplies,Storage,Fellowes Super Stor/Drawer,55.5,2,0,9.99
19,CA-2014-143336,27-08-2014,01-09-2014,Second Class,ZD-21925,Zuschuss Donatelli,Consumer,United States,San Francisco,California,94109,West,OFF-AR-10003056,Office Supplies,Art,Newell 341,8.56,2,0,2.4824
20,CA-2014-143336,27-08-2014,01-09-2014,Second Class,ZD-21925,Zuschuss Donatelli,Consumer,United States,San Francisco,California,94109,West,TEC-PH-10001949,Technology,Phones,Cisco SPA 501G IP Phone,213.48,3,0.2,16.011
21,CA-2014-143336,27-08-2014,01-09-2014,Second Class,ZD-21925,Zuschuss Donatelli,Consumer,United States,San Francisco,California,94109,West,OFF-BI-10002215,Office Supplies,Binders,"Wilson Jones Hanging View Binder, White, 1""",22.72,4,0.2,7.384
22,CA-2016-137330,09-12-2016,13-12-2016,Standard Class,KB-16585,Ken Black,Corporate,United States,Fremont,Nebraska,68025,Central,OFF-AR-10000246,Office Supplies,Art,Newell 318,19.46,7,0,5.0596
23,CA-2016-137330,09-12-2016,13-12-2016,Standard Class,KB-16585,Ken Black,Corporate,United States,Fremont,Nebraska,68025,Central,OFF-AP-10001492,Office Supplies,Appliances,"Acco Six-Outlet Power Strip, 4' Cord Length",60.34,7,0,15.6884
24,US-2017-156909,16-07-2017,18-07-2017,Second Class,SF-20065,Sandra Flanagan,Consumer,United States,Philadelphia,Pennsylvania,19140,East,FUR-CH-10002774,Furniture,Chairs,"Global Deluxe Stacking Chair, Gray",71.372,2,0.3,-1.0196
25,CA-2015-106320,25-09-2015,30-09-2015,Standard Class,EB-13870,Emily Burns,Consumer,United States,Orem,Utah,84057,West,FUR-TA-10000577,Furniture,Tables,Bretford CR4500 Series Slim Rectangular Table,1044.63,3,0,240.2649
26,CA-2016-121755,16-01-2016,20-01-2016,Second Class,EH-13945,Eric Hoffmann,Consumer,United States,Los Angeles,California,90049,West,OFF-BI-10001634,Office Supplies,Binders,Wilson Jones Active Use Binders,11.648,2,0.2,4.2224
27,CA-2016-121755,16-01-2016,20-01-2016,Second Class,EH-13945,Eric Hoffmann,Consumer,United States,Los Angeles,California,90049,West,TEC-AC-10003027,Technology,Accessories,Imationÿ8GB Mini TravelDrive USB 2.0ÿFlash Drive,90.57,3,0,11.7741
28,US-2015-150630,17-09-2015,21-09-2015,Standard Class,TB-21520,Tracy Blumstein,Consumer,United States,Philadelphia,Pennsylvania,19140,East,FUR-BO-10004834,Furniture,Bookcases,"Riverside Palais Royal Lawyers Bookcase, Royale Cherry Finish",3083.43,7,0.5,-1665.0522
29,US-2015-150630,17-09-2015,21-09-2015,Standard Class,TB-21520,Tracy Blumstein,Consumer,United States,Philadelphia,Pennsylvania,19140,East,OFF-BI-10000474,Office Supplies,Binders,Avery Recycled Flexi-View Covers for Binding Systems,9.618,2,0.7,-7.0532
30,US-2015-150630,17-09-2015,21-09-2015,Standard Class,TB-21520,Tracy Blumstein,Consumer,United States,Philadelphia,Pennsylvania,19140,East,FUR-FU-10004848,Furniture,Furnishings,"Howard Miller 13-3/4"" Diameter Brushed Chrome Round Wall Clock",124.2,3,0.2,15.525
31,US-2015-150630,17-09-2015,21-09-2015,Standard Class,TB-21520,Tracy Blumstein,Consumer,United States,Philadelphia,Pennsylvania,19140,East,OFF-EN-10001509,Office Supplies,Envelopes,Poly String Tie Envelopes,3.264,2,0.2,1.1016
32,US-2015-150630,17-09-2015,21-09-2015,Standard Class,TB-21520,Tracy Blumstein,Consumer,United States,Philadelphia,Pennsylvania,19140,East,OFF-AR-10004042,Office Supplies,Art,"BOSTON Model 1800 Electric Pencil Sharpeners, Putty/Woodgrain",86.304,6,0.2,9.7092
33,US-2015-150630,17-09-2015,21-09-2015,Standard Class,TB-21520,Tracy Blumstein,Consumer,United States,Philadelphia,Pennsylvania,19140,East,OFF-BI-10001525,Office Supplies,Binders,"Acco Pressboard Covers with Storage Hooks, 14 7/8"" x 11"", Executive Red",6.858,6,0.7,-5.715
34,US-2015-150630,17-09-2015,21-09-2015,Standard Class,TB-21520,Tracy Blumstein,Consumer,United States,Philadelphia,Pennsylvania,19140,East,OFF-AR-10001683,Office Supplies,Art,Lumber Crayons,15.76,2,0.2,3.546
35,CA-2017-107727,19-10-2017,23-10-2017,Second Class,MA-17560,Matt Abelman,Home Office,United States,Houston,Texas,77095,Central,OFF-PA-10000249,Office Supplies,Paper,Easy-staple paper,29.472,3,0.2,9.9468
36,CA-2016-117590,08-12-2016,10-12-2016,First Class,GH-14485,Gene Hale,Corporate,United States,Richardson,Texas,75080,Central,TEC-PH-10004977,Technology,Phones,GE 30524EE4,1097.544,7,0.2,123.4737
37,CA-2016-117590,08-12-2016,10-12-2016,First Class,GH-14485,Gene Hale,Corporate,United States,Richardson,Texas,75080,Central,FUR-FU-10003664,Furniture,Furnishings,"Electrix Architect's Clamp-On Swing Arm Lamp, Black",190.92,5,0.6,-147.963
38,CA-2015-117415,27-12-2015,31-12-2015,Standard Class,SN-20710,Steve Nguyen,Home Office,United States,Houston,Texas,77041,Central,OFF-EN-10002986,Office Supplies,Envelopes,"#10-4 1/8"" x 9 1/2"" Premium Diagonal Seam Envelopes",113.328,9,0.2,35.415
39,CA-2015-117415,27-12-2015,31-12-2015,Standard Class,SN-20710,Steve Nguyen,Home Office,United States,Houston,Texas,77041,Central,FUR-BO-10002545,Furniture,Bookcases,"Atlantic Metals Mobile 3-Shelf Bookcases, Custom Colors",532.3992,3,0.32,-46.9764
40,CA-2015-117415,27-12-2015,31-12-2015,Standard Class,SN-20710,Steve Nguyen,Home Office,United States,Houston,Texas,77041,Central,FUR-CH-10004218,Furniture,Chairs,"Global Fabric Manager's Chair, Dark Gray",212.058,3,0.3,-15.147
41,CA-2015-117415,27-12-2015,31-12-2015,Standard Class,SN-20710,Steve Nguyen,Home Office,United States,Houston,Texas,77041,Central,TEC-PH-10000486,Technology,Phones,Plantronics HL10 Handset Lifter,371.168,4,0.2,41.7564
42,CA-2017-120999,10-09-2017,15-09-2017,Standard Class,LC-16930,Linda Cazamias,Corporate,United States,Naperville,Illinois,60540,Central,TEC-PH-10004093,Technology,Phones,Panasonic Kx-TS550,147.168,4,0.2,16.5564
43,CA-2016-101343,17-07-2016,22-07-2016,Standard Class,RA-19885,Ruben Ausman,Corporate,United States,Los Angeles,California,90049,West,OFF-ST-10003479,Office Supplies,Storage,"Eldon Base for stackable storage shelf, platinum",77.88,2,0,3.894
44,CA-2017-139619,19-09-2017,23-09-2017,Standard Class,ES-14080,Erin Smith,Corporate,United States,Melbourne,Florida,32935,South,OFF-ST-10003282,Office Supplies,Storage,"Advantus 10-Drawer Portable Organizer, Chrome Metal Frame, Smoke Drawers",95.616,2,0.2,9.5616
45,CA-2016-118255,11-03-2016,13-03-2016,First Class,ON-18715,Odella Nelson,Corporate,United States,Eagan,Minnesota,55122,Central,TEC-AC-10000171,Technology,Accessories,"Verbatim 25 GB 6x Blu-ray Single Layer Recordable Disc, 25/Pack",45.98,2,0,19.7714
46,CA-2016-118255,11-03-2016,13-03-2016,First Class,ON-18715,Odella Nelson,Corporate,United States,Eagan,Minnesota,55122,Central,OFF-BI-10003291,Office Supplies,Binders,Wilson Jones Leather-Like Binders with DublLock Round Rings,17.46,2,0,8.2062
47,CA-2014-146703,20-10-2014,25-10-2014,Second Class,PO-18865,Patrick O'Donnell,Consumer,United States,Westland,Michigan,48185,Central,OFF-ST-10001713,Office Supplies,Storage,"Gould Plastics 9-Pocket Panel Bin, 18-3/8w x 5-1/4d x 20-1/2h, Black",211.96,4,0,8.4784
48,CA-2016-169194,20-06-2016,25-06-2016,Standard Class,LH-16900,Lena Hernandez,Consumer,United States,Dover,Delaware,19901,East,TEC-AC-10002167,Technology,Accessories,Imationÿ8gb Micro Traveldrive Usb 2.0ÿFlash Drive,45,3,0,4.95
49,CA-2016-169194,20-06-2016,25-06-2016,Standard Class,LH-16900,Lena Hernandez,Consumer,United States,Dover,Delaware,19901,East,TEC-PH-10003988,Technology,Phones,"LF Elite 3D Dazzle Designer Hard Case Cover, Lf Stylus Pen and Wiper For Apple Iphone 5c Mini Lite",21.8,2,0,6.104
50,CA-2015-115742,18-04-2015,22-04-2015,Standard Class,DP-13000,Darren Powers,Consumer,United States,New Albany,Indiana,47150,Central,OFF-BI-10004410,Office Supplies,Binders,"C-Line Peel & Stick Add-On Filing Pockets, 8-3/4 x 5-1/8, 10/Pack",38.22,6,0,17.9634
51,CA-2015-115742,18-04-2015,22-04-2015,Standard Class,DP-13000,Darren Powers,Consumer,United States,New Albany,Indiana,47150,Central,OFF-LA-10002762,Office Supplies,Labels,Avery 485,75.18,6,0,35.3346
52,CA-2015-115742,18-04-2015,22-04-2015,Standard Class,DP-13000,Darren Powers,Consumer,United States,New Albany,Indiana,47150,Central,FUR-FU-10001706,Furniture,Furnishings,Longer-Life Soft White Bulbs,6.16,2,0,2.9568
53,CA-2015-115742,18-04-2015,22-04-2015,Standard Class,DP-13000,Darren Powers,Consumer,United States,New Albany,Indiana,47150,Central,FUR-CH-10003061,Furniture,Chairs,"Global Leather Task Chair, Black",89.99,1,0,17.0981
54,CA-2016-105816,11-12-2016,17-12-2016,Standard Class,JM-15265,Janet Molinari,Corporate,United States,New York City,New York,10024,East,OFF-FA-10000304,Office Supplies,Fasteners,Advantus Push Pins,15.26,7,0,6.2566
55,CA-2016-105816,11-12-2016,17-12-2016,Standard Class,JM-15265,Janet Molinari,Corporate,United States,New York City,New York,10024,East,TEC-PH-10002447,Technology,Phones,AT&T CL83451 4-Handset Telephone,1029.95,5,0,298.6855
56,CA-2016-111682,17-06-2016,18-06-2016,First Class,TB-21055,Ted Butterfield,Consumer,United States,Troy,New York,12180,East,OFF-ST-10000604,Office Supplies,Storage,Home/Office Personal File Carts,208.56,6,0,52.14
57,CA-2016-111682,17-06-2016,18-06-2016,First Class,TB-21055,Ted Butterfield,Consumer,United States,Troy,New York,12180,East,OFF-PA-10001569,Office Supplies,Paper,Xerox 232,32.4,5,0,15.552
58,CA-2016-111682,17-06-2016,18-06-2016,First Class,TB-21055,Ted Butterfield,Consumer,United States,Troy,New York,12180,East,FUR-CH-10003968,Furniture,Chairs,Novimex Turbo Task Chair,319.41,5,0.1,7.098
59,CA-2016-111682,17-06-2016,18-06-2016,First Class,TB-21055,Ted Butterfield,Consumer,United States,Troy,New York,12180,East,OFF-PA-10000587,Office Supplies,Paper,"Array Parchment Paper, Assorted Colors",14.56,2,0,6.9888
60,CA-2016-111682,17-06-2016,18-06-2016,First Class,TB-21055,Ted Butterfield,Consumer,United States,Troy,New York,12180,East,TEC-AC-10002167,Technology,Accessories,Imationÿ8gb Micro Traveldrive Usb 2.0ÿFlash Drive,30,2,0,3.3
61,CA-2016-111682,17-06-2016,18-06-2016,First Class,TB-21055,Ted Butterfield,Consumer,United States,Troy,New York,12180,East,OFF-BI-10001460,Office Supplies,Binders,Plastic Binding Combs,48.48,4,0.2,16.362
62,CA-2016-111682,17-06-2016,18-06-2016,First Class,TB-21055,Ted Butterfield,Consumer,United States,Troy,New York,12180,East,OFF-AR-10001868,Office Supplies,Art,Prang Dustless Chalk Sticks,1.68,1,0,0.84
63,CA-2015-135545,24-11-2015,30-11-2015,Standard Class,KM-16720,Kunst Miller,Consumer,United States,Los Angeles,California,90004,West,TEC-AC-10004633,Technology,Accessories,"Verbatim 25 GB 6x Blu-ray Single Layer Recordable Disc, 3/Pack",13.98,2,0,6.1512
64,CA-2015-135545,24-11-2015,30-11-2015,Standard Class,KM-16720,Kunst Miller,Consumer,United States,Los Angeles,California,90004,West,OFF-BI-10001078,Office Supplies,Binders,"Acco PRESSTEX Data Binder with Storage Hooks, Dark Blue, 14 7/8"" X 11""",25.824,6,0.2,9.3612
65,CA-2015-135545,24-11-2015,30-11-2015,Standard Class,KM-16720,Kunst Miller,Consumer,United States,Los Angeles,California,90004,West,OFF-PA-10003892,Office Supplies,Paper,Xerox 1943,146.73,3,0,68.9631
66,CA-2015-135545,24-11-2015,30-11-2015,Standard Class,KM-16720,Kunst Miller,Consumer,United States,Los Angeles,California,90004,West,FUR-FU-10000397,Furniture,Furnishings,Luxo Economy Swing Arm Lamp,79.76,4,0,22.3328
67,US-2015-164175,30-04-2015,05-05-2015,Standard Class,PS-18970,Paul Stevenson,Home Office,United States,Chicago,Illinois,60610,Central,FUR-CH-10001146,Furniture,Chairs,"Global Value Mid-Back Manager's Chair, Gray",213.115,5,0.3,-15.2225
68,CA-2014-106376,05-12-2014,10-12-2014,Standard Class,BS-11590,Brendan Sweed,Corporate,United States,Gilbert,Arizona,85234,West,OFF-AR-10002671,Office Supplies,Art,"Hunt BOSTON Model 1606 High-Volume Electric Pencil Sharpener, Beige",1113.024,8,0.2,111.3024
69,CA-2014-106376,05-12-2014,10-12-2014,Standard Class,BS-11590,Brendan Sweed,Corporate,United States,Gilbert,Arizona,85234,West,TEC-PH-10002726,Technology,Phones,netTALK DUO VoIP Telephone Service,167.968,4,0.2,62.988
70,CA-2016-119823,04-06-2016,06-06-2016,First Class,KD-16270,Karen Daniels,Consumer,United States,Springfield,Virginia,22153,South,OFF-PA-10000482,Office Supplies,Paper,"Snap-A-Way Black Print Carbonless Ruled Speed Letter, Triplicate",75.88,2,0,35.6636
71,CA-2016-106075,18-09-2016,23-09-2016,Standard Class,HM-14980,Henry MacAllister,Consumer,United States,New York City,New York,10009,East,OFF-BI-10004654,Office Supplies,Binders,Avery Binding System Hidden Tab Executive Style Index Sets,4.616,1,0.2,1.731
72,CA-2017-114440,14-09-2017,17-09-2017,Second Class,TB-21520,Tracy Blumstein,Consumer,United States,Jackson,Michigan,49201,Central,OFF-PA-10004675,Office Supplies,Paper,"Telephone Message Books with Fax/Mobile Section, 5 1/2"" x 3 3/16""",19.05,3,0,8.763
73,US-2015-134026,26-04-2015,02-05-2015,Standard Class,JE-15745,Joel Eaton,Consumer,United States,Memphis,Tennessee,38109,South,FUR-CH-10000513,Furniture,Chairs,High-Back Leather Manager's Chair,831.936,8,0.2,-114.3912
74,US-2015-134026,26-04-2015,02-05-2015,Standard Class,JE-15745,Joel Eaton,Consumer,United States,Memphis,Tennessee,38109,South,FUR-FU-10003708,Furniture,Furnishings,"Tenex Traditional Chairmats for Medium Pile Carpet, Standard Lip, 36"" x 48""",97.04,2,0.2,1.213
75,US-2015-134026,26-04-2015,02-05-2015,Standard Class,JE-15745,Joel Eaton,Consumer,United States,Memphis,Tennessee,38109,South,OFF-ST-10004123,Office Supplies,Storage,Safco Industrial Wire Shelving System,72.784,1,0.2,-18.196
76,US-2017-118038,09-12-2017,11-12-2017,First Class,KB-16600,Ken Brennan,Corporate,United States,Houston,Texas,77041,Central,OFF-BI-10004182,Office Supplies,Binders,Economy Binders,1.248,3,0.8,-1.9344
77,US-2017-118038,09-12-2017,11-12-2017,First Class,KB-16600,Ken Brennan,Corporate,United States,Houston,Texas,77041,Central,FUR-FU-10000260,Furniture,Furnishings,"6"" Cubicle Wall Clock, Black",9.708,3,0.6,-5.8248
78,US-2017-118038,09-12-2017,11-12-2017,First Class,KB-16600,Ken Brennan,Corporate,United States,Houston,Texas,77041,Central,OFF-ST-10000615,Office Supplies,Storage,"SimpliFile Personal File, Black Granite, 15w x 6-15/16d x 11-1/4h",27.24,3,0.2,2.724
79,US-2014-147606,26-11-2014,01-12-2014,Second Class,JE-15745,Joel Eaton,Consumer,United States,Houston,Texas,77070,Central,FUR-FU-10003194,Furniture,Furnishings,"Eldon Expressions Desk Accessory, Wood Pencil Holder, Oak",19.3,5,0.6,-14.475
80,CA-2016-127208,12-06-2016,15-06-2016,First Class,SC-20770,Stewart Carmichael,Corporate,United States,Decatur,Alabama,35601,South,OFF-AP-10002118,Office Supplies,Appliances,"1.7 Cubic Foot Compact ""Cube"" Office Refrigerators",208.16,1,0,56.2032
81,CA-2016-127208,12-06-2016,15-06-2016,First Class,SC-20770,Stewart Carmichael,Corporate,United States,Decatur,Alabama,35601,South,OFF-BI-10002309,Office Supplies,Binders,Avery Heavy-Duty EZD  Binder With Locking Rings,16.74,3,0,8.0352
82,CA-2014-139451,12-10-2014,16-10-2014,Standard Class,DN-13690,Duane Noonan,Consumer,United States,San Francisco,California,94122,West,OFF-AR-10002053,Office Supplies,Art,"Premium Writing Pencils, Soft, #2 by Central Association for the Blind",14.9,5,0,4.172
83,CA-2014-139451,12-10-2014,16-10-2014,Standard Class,DN-13690,Duane Noonan,Consumer,United States,San Francisco,California,94122,West,OFF-ST-10002370,Office Supplies,Storage,"Sortfiler Multipurpose Personal File Organizer, Black",21.39,1,0,6.2031
84,CA-2015-149734,03-09-2015,08-09-2015,Standard Class,JC-16105,Julie Creighton,Corporate,United States,Durham,North Carolina,27707,South,OFF-EN-10000927,Office Supplies,Envelopes,Jet-Pak Recycled Peel 'N' Seal Padded Mailers,200.984,7,0.2,62.8075
85,US-2017-119662,13-11-2017,16-11-2017,First Class,CS-12400,Christopher Schild,Home Office,United States,Chicago,Illinois,60623,Central,OFF-ST-10003656,Office Supplies,Storage,Safco Industrial Wire Shelving,230.376,3,0.2,-48.9549
86,CA-2017-140088,28-05-2017,30-05-2017,Second Class,PO-18865,Patrick O'Donnell,Consumer,United States,Columbia,South Carolina,29203,South,FUR-CH-10000863,Furniture,Chairs,Novimex Swivel Fabric Task Chair,301.96,2,0,33.2156
87,CA-2017-155558,26-10-2017,02-11-2017,Standard Class,PG-18895,Paul Gonzalez,Consumer,United States,Rochester,Minnesota,55901,Central,TEC-AC-10001998,Technology,Accessories,LogitechÿLS21 Speaker System - PC Multimedia - 2.1-CH - Wired,19.99,1,0,6.7966
88,CA-2017-155558,26-10-2017,02-11-2017,Standard Class,PG-18895,Paul Gonzalez,Consumer,United States,Rochester,Minnesota,55901,Central,OFF-LA-10000134,Office Supplies,Labels,Avery 511,6.16,2,0,2.9568
89,CA-2016-159695,05-04-2016,10-04-2016,Second Class,GM-14455,Gary Mitchum,Home Office,United States,Houston,Texas,77095,Central,OFF-ST-10003442,Office Supplies,Storage,Eldon Portable Mobile Manager,158.368,7,0.2,13.8572
90,CA-2016-109806,17-09-2016,22-09-2016,Standard Class,JS-15685,Jim Sink,Corporate,United States,Los Angeles,California,90036,West,OFF-AR-10004930,Office Supplies,Art,Turquoise Lead Holder with Pocket Clip,20.1,3,0,6.633
91,CA-2016-109806,17-09-2016,22-09-2016,Standard Class,JS-15685,Jim Sink,Corporate,United States,Los Angeles,California,90036,West,TEC-PH-10004093,Technology,Phones,Panasonic Kx-TS550,73.584,2,0.2,8.2782
92,CA-2016-109806,17-09-2016,22-09-2016,Standard Class,JS-15685,Jim Sink,Corporate,United States,Los Angeles,California,90036,West,OFF-PA-10000304,Office Supplies,Paper,Xerox 1995,6.48,1,0,3.1104
93,CA-2015-149587,31-01-2015,05-02-2015,Second Class,KB-16315,Karl Braun,Consumer,United States,Minneapolis,Minnesota,55407,Central,OFF-PA-10003177,Office Supplies,Paper,Xerox 1999,12.96,2,0,6.2208
94,CA-2015-149587,31-01-2015,05-02-2015,Second Class,KB-16315,Karl Braun,Consumer,United States,Minneapolis,Minnesota,55407,Central,FUR-FU-10003799,Furniture,Furnishings,"Seth Thomas 13 1/2"" Wall Clock",53.34,3,0,16.5354
95,CA-2015-149587,31-01-2015,05-02-2015,Second Class,KB-16315,Karl Braun,Consumer,United States,Minneapolis,Minnesota,55407,Central,OFF-BI-10002852,Office Supplies,Binders,Ibico Standard Transparent Covers,32.96,2,0,16.1504
96,US-2017-109484,06-11-2017,12-11-2017,Standard Class,RB-19705,Roger Barcio,Home Office,United States,Portland,Oregon,97206,West,OFF-BI-10004738,Office Supplies,Binders,Flexible Leather- Look Classic Collection Ring Binder,5.682,1,0.7,-3.788
97,CA-2017-161018,09-11-2017,11-11-2017,Second Class,PN-18775,Parhena Norris,Home Office,United States,New York City,New York,10009,East,FUR-FU-10000629,Furniture,Furnishings,9-3/4 Diameter Round Wall Clock,96.53,7,0,40.5426
98,CA-2017-157833,17-06-2017,20-06-2017,First Class,KD-16345,Katherine Ducich,Consumer,United States,San Francisco,California,94122,West,OFF-BI-10001721,Office Supplies,Binders,Trimflex Flexible Post Binders,51.312,3,0.2,17.9592
99,CA-2016-149223,06-09-2016,11-09-2016,Standard Class,ER-13855,Elpida Rittenbach,Corporate,United States,Saint Paul,Minnesota,55106,Central,OFF-AP-10000358,Office Supplies,Appliances,Fellowes Basic Home/Office Series Surge Protectors,77.88,6,0,22.5852
100,CA-2016-158568,29-08-2016,02-09-2016,Standard Class,RB-19465,Rick Bensley,Home Office,United States,Chicago,Illinois,60610,Central,OFF-PA-10003256,Office Supplies,Paper,Avery Personal Creations Heavyweight Cards,64.624,7,0.2,22.6184
101,CA-2016-158568,29-08-2016,02-09-2016,Standard Class,RB-19465,Rick Bensley,Home Office,United States,Chicago,Illinois,60610,Central,TEC-AC-10001767,Technology,Accessories,SanDisk Ultra 64 GB MicroSDHC Class 10 Memory Card,95.976,3,0.2,-10.7973
102,CA-2016-158568,29-08-2016,02-09-2016,Standard Class,RB-19465,Rick Bensley,Home Office,United States,Chicago,Illinois,60610,Central,OFF-BI-10002609,Office Supplies,Binders,Avery Hidden Tab Dividers for Binding Systems,1.788,3,0.8,-3.0396
103,CA-2016-129903,01-12-2016,04-12-2016,Second Class,GZ-14470,Gary Zandusky,Consumer,United States,Rochester,Minnesota,55901,Central,OFF-PA-10004040,Office Supplies,Paper,Universal Premium White Copier/Laser Paper (20Lb. and 87 Bright),23.92,4,0,11.7208
104,US-2015-156867,13-11-2015,17-11-2015,Standard Class,LC-16870,Lena Cacioppo,Consumer,United States,Aurora,Colorado,80013,West,TEC-AC-10001552,Technology,Accessories,Logitech K350 2.4Ghz Wireless Keyboard,238.896,6,0.2,-26.8758
105,US-2015-156867,13-11-2015,17-11-2015,Standard Class,LC-16870,Lena Cacioppo,Consumer,United States,Aurora,Colorado,80013,West,FUR-FU-10004006,Furniture,Furnishings,"Deflect-o DuraMat Lighweight, Studded, Beveled Mat for Low Pile Carpeting",102.36,3,0.2,-3.8385
106,US-2015-156867,13-11-2015,17-11-2015,Standard Class,LC-16870,Lena Cacioppo,Consumer,United States,Aurora,Colorado,80013,West,OFF-BI-10002794,Office Supplies,Binders,"Avery Trapezoid Ring Binder, 3"" Capacity, Black, 1040 sheets",36.882,3,0.7,-25.8174
107,CA-2017-119004,23-11-2017,28-11-2017,Standard Class,JM-15250,Janet Martin,Consumer,United States,Charlotte,North Carolina,28205,South,TEC-AC-10003499,Technology,Accessories,Memorex Mini Travel Drive 8 GB USB 2.0 Flash Drive,74.112,8,0.2,17.6016
108,CA-2017-119004,23-11-2017,28-11-2017,Standard Class,JM-15250,Janet Martin,Consumer,United States,Charlotte,North Carolina,28205,South,TEC-PH-10002844,Technology,Phones,Speck Products Candyshell Flip Case,27.992,1,0.2,2.0994
109,CA-2017-119004,23-11-2017,28-11-2017,Standard Class,JM-15250,Janet Martin,Consumer,United States,Charlotte,North Carolina,28205,South,OFF-AR-10000390,Office Supplies,Art,Newell Chalk Holder,3.304,1,0.2,1.0738
110,CA-2015-129476,15-10-2015,20-10-2015,Standard Class,PA-19060,Pete Armstrong,Home Office,United States,Orland Park,Illinois,60462,Central,TEC-AC-10000844,Technology,Accessories,LogitechÿGaming G510s - Keyboard,339.96,5,0.2,67.992
111,CA-2017-146780,25-12-2017,30-12-2017,Standard Class,CV-12805,Cynthia Voltz,Corporate,United States,New York City,New York,10035,East,FUR-FU-10001934,Furniture,Furnishings,Magnifier Swing Arm Lamp,41.96,2,0,10.9096
112,CA-2016-128867,03-11-2016,10-11-2016,Standard Class,CL-12565,Clay Ludtke,Consumer,United States,Urbandale,Iowa,50322,Central,OFF-AR-10000380,Office Supplies,Art,"Hunt PowerHouse Electric Pencil Sharpener, Blue",75.96,2,0,22.788
113,CA-2016-128867,03-11-2016,10-11-2016,Standard Class,CL-12565,Clay Ludtke,Consumer,United States,Urbandale,Iowa,50322,Central,OFF-BI-10003981,Office Supplies,Binders,"Avery Durable Plastic 1"" Binders",27.24,6,0,13.3476
114,CA-2014-115259,25-08-2014,27-08-2014,Second Class,RC-19960,Ryan Crowe,Consumer,United States,Columbus,Ohio,43229,East,OFF-FA-10000621,Office Supplies,Fasteners,"OIC Colored Binder Clips, Assorted Sizes",40.096,14,0.2,14.5348
115,CA-2014-115259,25-08-2014,27-08-2014,Second Class,RC-19960,Ryan Crowe,Consumer,United States,Columbus,Ohio,43229,East,OFF-EN-10002600,Office Supplies,Envelopes,"Redi-Strip #10 Envelopes, 4 1/8 x 9 1/2",4.72,2,0.2,1.652
116,CA-2014-115259,25-08-2014,27-08-2014,Second Class,RC-19960,Ryan Crowe,Consumer,United States,Columbus,Ohio,43229,East,OFF-PA-10004965,Office Supplies,Paper,Xerox 1921,23.976,3,0.2,7.4925
117,CA-2014-115259,25-08-2014,27-08-2014,Second Class,RC-19960,Ryan Crowe,Consumer,United States,Columbus,Ohio,43229,East,OFF-EN-10002504,Office Supplies,Envelopes,"Tyvek  Top-Opening Peel & Seel Envelopes, Plain White",130.464,6,0.2,44.0316
118,CA-2015-110457,02-03-2015,06-03-2015,Standard Class,DK-13090,Dave Kipp,Consumer,United States,Seattle,Washington,98103,West,FUR-TA-10001768,Furniture,Tables,Hon Racetrack Conference Tables,787.53,3,0,165.3813
119,US-2015-136476,05-04-2015,10-04-2015,Standard Class,GG-14650,Greg Guthrie,Corporate,United States,Bristol,Tennessee,37620,South,OFF-BI-10003650,Office Supplies,Binders,GBC DocuBind 300 Electric Binding Machine,157.794,1,0.7,-115.7156
120,CA-2016-103730,12-06-2016,15-06-2016,First Class,SC-20725,Steven Cartwright,Consumer,United States,Wilmington,Delaware,19805,East,FUR-FU-10002157,Furniture,Furnishings,Artistic Insta-Plaque,47.04,3,0,18.3456
121,CA-2016-103730,12-06-2016,15-06-2016,First Class,SC-20725,Steven Cartwright,Consumer,United States,Wilmington,Delaware,19805,East,OFF-BI-10003910,Office Supplies,Binders,DXL Angle-View Binders with Locking Rings by Samsill,30.84,4,0,13.878
122,CA-2016-103730,12-06-2016,15-06-2016,First Class,SC-20725,Steven Cartwright,Consumer,United States,Wilmington,Delaware,19805,East,OFF-ST-10000777,Office Supplies,Storage,"Companion Letter/Legal File, Black",226.56,6,0,63.4368
123,CA-2016-103730,12-06-2016,15-06-2016,First Class,SC-20725,Steven Cartwright,Consumer,United States,Wilmington,Delaware,19805,East,OFF-EN-10002500,Office Supplies,Envelopes,Globe Weis Peel & Seel First Class Envelopes,115.02,9,0,51.759
124,CA-2016-103730,12-06-2016,15-06-2016,First Class,SC-20725,Steven Cartwright,Consumer,United States,Wilmington,Delaware,19805,East,TEC-PH-10003875,Technology,Phones,KLD Oscar II Style Snap-on Ultra Thin Side Flip Synthetic Leather Cover Case for HTC One HTC M7,68.04,7,0,19.7316
125,US-2014-152030,26-12-2014,28-12-2014,Second Class,AD-10180,Alan Dominguez,Home Office,United States,Houston,Texas,77041,Central,FUR-CH-10004063,Furniture,Chairs,Global Deluxe High-Back Manager's Chair,600.558,3,0.3,-8.5794
126,US-2014-134614,20-09-2014,25-09-2014,Standard Class,PF-19165,Philip Fox,Consumer,United States,Bloomington,Illinois,61701,Central,FUR-TA-10004534,Furniture,Tables,Bevis 44 x 96 Conference Tables,617.7,6,0.5,-407.682
127,US-2017-107272,05-11-2017,12-11-2017,Standard Class,TS-21610,Troy Staebel,Consumer,United States,Phoenix,Arizona,85023,West,OFF-BI-10003274,Office Supplies,Binders,"Avery Durable Slant Ring Binders, No Labels",2.388,2,0.7,-1.8308
128,US-2017-107272,05-11-2017,12-11-2017,Standard Class,TS-21610,Troy Staebel,Consumer,United States,Phoenix,Arizona,85023,West,OFF-ST-10002974,Office Supplies,Storage,"Trav-L-File Heavy-Duty Shuttle II, Black",243.992,7,0.2,30.499
129,US-2016-125969,06-11-2016,10-11-2016,Second Class,LS-16975,Lindsay Shagiari,Home Office,United States,Los Angeles,California,90004,West,FUR-CH-10001146,Furniture,Chairs,"Global Task Chair, Black",81.424,2,0.2,-9.1602
130,US-2016-125969,06-11-2016,10-11-2016,Second Class,LS-16975,Lindsay Shagiari,Home Office,United States,Los Angeles,California,90004,West,FUR-FU-10003773,Furniture,Furnishings,Eldon Cleatmat Plus Chair Mats for High Pile Carpets,238.56,3,0,26.2416
131,US-2017-164147,02-02-2017,05-02-2017,First Class,DW-13585,Dorothy Wardle,Corporate,United States,Columbus,Ohio,43229,East,TEC-PH-10002293,Technology,Phones,Anker 36W 4-Port USB Wall Charger Travel Power Adapter for iPhone 5s 5c 5,59.97,5,0.4,-11.994
132,US-2017-164147,02-02-2017,05-02-2017,First Class,DW-13585,Dorothy Wardle,Corporate,United States,Columbus,Ohio,43229,East,OFF-PA-10002377,Office Supplies,Paper,Xerox 1916,78.304,2,0.2,29.364
133,US-2017-164147,02-02-2017,05-02-2017,First Class,DW-13585,Dorothy Wardle,Corporate,United States,Columbus,Ohio,43229,East,OFF-FA-10002780,Office Supplies,Fasteners,Staples,21.456,9,0.2,6.9732
134,CA-2016-145583,13-10-2016,19-10-2016,Standard Class,LC-16885,Lena Creighton,Consumer,United States,Roseville,California,95661,West,OFF-PA-10001804,Office Supplies,Paper,Xerox 195,20.04,3,0,9.6192
135,CA-2016-145583,13-10-2016,19-10-2016,Standard Class,LC-16885,Lena Creighton,Consumer,United States,Roseville,California,95661,West,OFF-PA-10001736,Office Supplies,Paper,Xerox 1880,35.44,1,0,16.6568
136,CA-2016-145583,13-10-2016,19-10-2016,Standard Class,LC-16885,Lena Creighton,Consumer,United States,Roseville,California,95661,West,OFF-AR-10001149,Office Supplies,Art,"Sanford Colorific Colored Pencils, 12/Box",11.52,4,0,3.456
137,CA-2016-145583,13-10-2016,19-10-2016,Standard Class,LC-16885,Lena Creighton,Consumer,United States,Roseville,California,95661,West,OFF-FA-10002988,Office Supplies,Fasteners,Ideal Clamps,4.02,2,0,1.9698
138,CA-2016-145583,13-10-2016,19-10-2016,Standard Class,LC-16885,Lena Creighton,Consumer,United States,Roseville,California,95661,West,OFF-BI-10004781,Office Supplies,Binders,GBC Wire Binding Strips,76.176,3,0.2,26.6616
139,CA-2016-145583,13-10-2016,19-10-2016,Standard Class,LC-16885,Lena Creighton,Consumer,United States,Roseville,California,95661,West,OFF-SU-10001218,Office Supplies,Supplies,Fiskars Softgrip Scissors,65.88,6,0,18.4464
140,CA-2016-145583,13-10-2016,19-10-2016,Standard Class,LC-16885,Lena Creighton,Consumer,United States,Roseville,California,95661,West,FUR-FU-10001706,Furniture,Furnishings,Longer-Life Soft White Bulbs,43.12,14,0,20.6976
141,CA-2016-110366,05-09-2016,07-09-2016,Second Class,JD-15895,Jonathan Doherty,Corporate,United States,Philadelphia,Pennsylvania,19140,East,FUR-FU-10004848,Furniture,Furnishings,"Howard Miller 13-3/4"" Diameter Brushed Chrome Round Wall Clock",82.8,2,0.2,10.35
142,CA-2017-106180,18-09-2017,23-09-2017,Standard Class,SH-19975,Sally Hughsby,Corporate,United States,San Francisco,California,94122,West,OFF-AR-10000940,Office Supplies,Art,Newell 343,8.82,3,0,2.3814
143,CA-2017-106180,18-09-2017,23-09-2017,Standard Class,SH-19975,Sally Hughsby,Corporate,United States,San Francisco,California,94122,West,OFF-EN-10004030,Office Supplies,Envelopes,Convenience Packs of Business Envelopes,10.86,3,0,5.1042
144,CA-2017-106180,18-09-2017,23-09-2017,Standard Class,SH-19975,Sally Hughsby,Corporate,United States,San Francisco,California,94122,West,OFF-PA-10004327,Office Supplies,Paper,Xerox 1911,143.7,3,0,68.976
145,CA-2017-155376,22-12-2017,27-12-2017,Standard Class,SG-20080,Sandra Glassco,Consumer,United States,Independence,Missouri,64055,Central,OFF-AP-10001058,Office Supplies,Appliances,Sanyo 2.5 Cubic Foot Mid-Size Office Refrigerators,839.43,3,0,218.2518
146,CA-2015-110744,07-09-2015,12-09-2015,Standard Class,HA-14920,Helen Andreada,Consumer,United States,Pasadena,California,91104,West,OFF-ST-10003656,Office Supplies,Storage,Safco Industrial Wire Shelving,671.93,7,0,20.1579
147,CA-2014-110072,22-10-2014,28-10-2014,Standard Class,MG-17680,Maureen Gastineau,Home Office,United States,Newark,Ohio,43055,East,FUR-FU-10000521,Furniture,Furnishings,"Seth Thomas 14"" Putty-Colored Wall Clock",93.888,4,0.2,12.9096
148,CA-2016-114489,05-12-2016,09-12-2016,Standard Class,JE-16165,Justin Ellison,Corporate,United States,Franklin,Wisconsin,53132,Central,TEC-PH-10000215,Technology,Phones,Plantronics CordlessÿPhone Headsetÿwith In-line Volume - M214C,384.45,11,0,103.8015
149,CA-2016-114489,05-12-2016,09-12-2016,Standard Class,JE-16165,Justin Ellison,Corporate,United States,Franklin,Wisconsin,53132,Central,TEC-PH-10001448,Technology,Phones,Anker Astro 15000mAh USB Portable Charger,149.97,3,0,5.9988
150,CA-2016-114489,05-12-2016,09-12-2016,Standard Class,JE-16165,Justin Ellison,Corporate,United States,Franklin,Wisconsin,53132,Central,FUR-CH-10000454,Furniture,Chairs,"Hon Deluxe Fabric Upholstered Stacking Chairs, Rounded Back",1951.84,8,0,585.552
151,CA-2016-114489,05-12-2016,09-12-2016,Standard Class,JE-16165,Justin Ellison,Corporate,United States,Franklin,Wisconsin,53132,Central,OFF-BI-10002735,Office Supplies,Binders,GBC Prestige Therm-A-Bind Covers,171.55,5,0,80.6285
152,CA-2016-158834,13-03-2016,16-03-2016,First Class,TW-21025,Tamara Willingham,Home Office,United States,Scottsdale,Arizona,85254,West,OFF-AP-10000326,Office Supplies,Appliances,Belkin 7 Outlet SurgeMaster Surge Protector with Phone Protection,157.92,5,0.2,17.766
153,CA-2016-158834,13-03-2016,16-03-2016,First Class,TW-21025,Tamara Willingham,Home Office,United States,Scottsdale,Arizona,85254,West,TEC-PH-10001254,Technology,Phones,Jabra BIZ 2300 Duo QD Duo CordedÿHeadset,203.184,2,0.2,15.2388
154,CA-2015-124919,31-05-2015,02-06-2015,First Class,SP-20650,Stephanie Phelps,Corporate,United States,San Jose,California,95123,West,OFF-PA-10001950,Office Supplies,Paper,Southworth 25% Cotton Antique Laid Paper & Envelopes,58.38,7,0,26.271
155,CA-2015-124919,31-05-2015,02-06-2015,First Class,SP-20650,Stephanie Phelps,Corporate,United States,San Jose,California,95123,West,OFF-PA-10002254,Office Supplies,Paper,Xerox 1883,105.52,4,0,48.5392
156,CA-2015-124919,31-05-2015,02-06-2015,First Class,SP-20650,Stephanie Phelps,Corporate,United States,San Jose,California,95123,West,OFF-ST-10001590,Office Supplies,Storage,"Tenex Personal Project File with Scoop Front Design, Black",80.88,6,0,21.0288
157,CA-2015-118948,28-05-2015,03-06-2015,Standard Class,NK-18490,Neil Knudson,Home Office,United States,Seattle,Washington,98105,West,OFF-AR-10001547,Office Supplies,Art,Newell 311,6.63,3,0,1.7901
158,CA-2014-104269,01-03-2014,06-03-2014,Second Class,DB-13060,Dave Brooks,Consumer,United States,Seattle,Washington,98115,West,FUR-CH-10004063,Furniture,Chairs,Global Deluxe High-Back Manager's Chair,457.568,2,0.2,51.4764
159,CA-2016-114104,20-11-2016,24-11-2016,Standard Class,NP-18670,Nora Paige,Consumer,United States,Edmond,Oklahoma,73034,Central,OFF-LA-10002475,Office Supplies,Labels,Avery 519,14.62,2,0,6.8714
160,CA-2016-114104,20-11-2016,24-11-2016,Standard Class,NP-18670,Nora Paige,Consumer,United States,Edmond,Oklahoma,73034,Central,TEC-PH-10004536,Technology,Phones,Avaya 5420 Digital phone,944.93,7,0,236.2325
161,CA-2016-162733,11-05-2016,12-05-2016,First Class,TT-21070,Ted Trevino,Consumer,United States,Los Angeles,California,90045,West,OFF-PA-10002751,Office Supplies,Paper,Xerox 1920,5.98,1,0,2.691
162,CA-2015-119697,28-12-2015,31-12-2015,Second Class,EM-13960,Eric Murdock,Consumer,United States,Philadelphia,Pennsylvania,19134,East,TEC-AC-10003657,Technology,Accessories,Lenovo 17-Key USB Numeric Keypad,54.384,2,0.2,1.3596
163,CA-2016-154508,16-11-2016,20-11-2016,Standard Class,RD-19900,Ruben Dartt,Consumer,United States,Carlsbad,New Mexico,88220,West,OFF-EN-10001990,Office Supplies,Envelopes,Staple envelope,28.4,5,0,13.348
164,CA-2016-113817,07-11-2016,11-11-2016,Standard Class,MJ-17740,Max Jones,Consumer,United States,Seattle,Washington,98115,West,OFF-BI-10004002,Office Supplies,Binders,Wilson Jones International Size A4 Ring Binders,27.68,2,0.2,9.688
165,CA-2014-139892,08-09-2014,12-09-2014,Standard Class,BM-11140,Becky Martin,Consumer,United States,San Antonio,Texas,78207,Central,OFF-AR-10004441,Office Supplies,Art,BIC Brite Liner Highlighters,9.936,3,0.2,2.7324
166,CA-2014-139892,08-09-2014,12-09-2014,Standard Class,BM-11140,Becky Martin,Consumer,United States,San Antonio,Texas,78207,Central,TEC-MA-10000822,Technology,Machines,Lexmark MX611dhe Monochrome Laser Printer,8159.952,8,0.4,-1359.992
167,CA-2014-139892,08-09-2014,12-09-2014,Standard Class,BM-11140,Becky Martin,Consumer,United States,San Antonio,Texas,78207,Central,OFF-ST-10000991,Office Supplies,Storage,Space Solutions HD Industrial Steel Shelving.,275.928,3,0.2,-58.6347
168,CA-2014-139892,08-09-2014,12-09-2014,Standard Class,BM-11140,Becky Martin,Consumer,United States,San Antonio,Texas,78207,Central,FUR-CH-10004287,Furniture,Chairs,SAFCO Arco Folding Chair,1740.06,9,0.3,-24.858
169,CA-2014-139892,08-09-2014,12-09-2014,Standard Class,BM-11140,Becky Martin,Consumer,United States,San Antonio,Texas,78207,Central,OFF-AR-10002656,Office Supplies,Art,Sanford Liquid Accent Highlighters,32.064,6,0.2,6.8136
170,CA-2014-139892,08-09-2014,12-09-2014,Standard Class,BM-11140,Becky Martin,Consumer,United States,San Antonio,Texas,78207,Central,OFF-AP-10002518,Office Supplies,Appliances,Kensington 7 Outlet MasterPiece Power Center,177.98,5,0.8,-453.849
171,CA-2014-139892,08-09-2014,12-09-2014,Standard Class,BM-11140,Becky Martin,Consumer,United States,San Antonio,Texas,78207,Central,TEC-PH-10003931,Technology,Phones,JBL Micro Wireless Portable Bluetooth Speaker,143.976,3,0.2,8.9985
172,CA-2014-118962,05-08-2014,09-08-2014,Standard Class,CS-12130,Chad Sievert,Consumer,United States,Los Angeles,California,90004,West,OFF-PA-10000659,Office Supplies,Paper,"Adams Phone Message Book, Professional, 400 Message Capacity, 5 3/6? x 11?",20.94,3,0,9.8418
173,CA-2014-118962,05-08-2014,09-08-2014,Standard Class,CS-12130,Chad Sievert,Consumer,United States,Los Angeles,California,90004,West,OFF-PA-10001144,Office Supplies,Paper,Xerox 1913,110.96,2,0,53.2608
174,CA-2014-118962,05-08-2014,09-08-2014,Standard Class,CS-12130,Chad Sievert,Consumer,United States,Los Angeles,California,90004,West,FUR-CH-10003817,Furniture,Chairs,"Global Value Steno Chair, Gray",340.144,7,0.2,21.259
175,US-2014-100853,14-09-2014,19-09-2014,Standard Class,JB-15400,Jennifer Braxton,Corporate,United States,Chicago,Illinois,60623,Central,OFF-AP-10000891,Office Supplies,Appliances,Kensington 7 Outlet MasterPiece HOMEOFFICE Power Control Center,52.448,2,0.8,-131.12
176,US-2014-100853,14-09-2014,19-09-2014,Standard Class,JB-15400,Jennifer Braxton,Corporate,United States,Chicago,Illinois,60623,Central,OFF-LA-10003148,Office Supplies,Labels,Avery 51,20.16,4,0.2,6.552
177,US-2017-152366,21-04-2017,25-04-2017,Second Class,SJ-20500,Shirley Jackson,Consumer,United States,Houston,Texas,77036,Central,OFF-AP-10002684,Office Supplies,Appliances,"Acco 7-Outlet Masterpiece Power Center, Wihtout Fax/Phone Line Protection",97.264,4,0.8,-243.16
178,US-2015-101511,21-11-2015,23-11-2015,Second Class,JE-15745,Joel Eaton,Consumer,United States,Newark,Ohio,43055,East,FUR-CH-10004698,Furniture,Chairs,"Padded Folding Chairs, Black, 4/Carton",396.802,7,0.3,-11.3372
179,US-2015-101511,21-11-2015,23-11-2015,Second Class,JE-15745,Joel Eaton,Consumer,United States,Newark,Ohio,43055,East,OFF-SU-10002189,Office Supplies,Supplies,Acme Rosewood Handle Letter Opener,15.88,5,0.2,-3.7715
180,CA-2015-137225,15-12-2015,19-12-2015,Standard Class,JK-15640,Jim Kriz,Home Office,United States,New York City,New York,10009,East,OFF-AR-10001940,Office Supplies,Art,"Sanford Colorific Eraseable Coloring Pencils, 12 Count",3.28,1,0,1.4104
181,CA-2014-166191,05-12-2014,09-12-2014,Second Class,DK-13150,David Kendrick,Corporate,United States,Decatur,Illinois,62521,Central,OFF-ST-10003455,Office Supplies,Storage,"Tenex File Box, Personal Filing Tote with Lid, Black",24.816,2,0.2,1.8612
182,CA-2014-166191,05-12-2014,09-12-2014,Second Class,DK-13150,David Kendrick,Corporate,United States,Decatur,Illinois,62521,Central,TEC-AC-10004659,Technology,Accessories,ImationÿSecure+ Hardware Encrypted USB 2.0ÿFlash Drive; 16GB,408.744,7,0.2,76.6395
183,CA-2014-158274,19-11-2014,24-11-2014,Second Class,RM-19675,Robert Marley,Home Office,United States,Monroe,Louisiana,71203,South,TEC-PH-10003273,Technology,Phones,AT&T TR1909W,503.96,4,0,131.0296
184,CA-2014-158274,19-11-2014,24-11-2014,Second Class,RM-19675,Robert Marley,Home Office,United States,Monroe,Louisiana,71203,South,TEC-PH-10004896,Technology,Phones,Nokia Lumia 521 (T-Mobile),149.95,5,0,41.986
185,CA-2014-158274,19-11-2014,24-11-2014,Second Class,RM-19675,Robert Marley,Home Office,United States,Monroe,Louisiana,71203,South,TEC-AC-10002345,Technology,Accessories,HP Standard 104 key PS/2 Keyboard,29,2,0,7.25
186,CA-2016-105018,28-11-2016,02-12-2016,Standard Class,SK-19990,Sally Knutson,Consumer,United States,Fairfield,Connecticut,6824,East,OFF-BI-10001890,Office Supplies,Binders,Avery Poly Binder Pockets,7.16,2,0,3.4368
187,CA-2014-123260,26-08-2014,30-08-2014,Standard Class,FM-14290,Frank Merwin,Home Office,United States,Los Angeles,California,90032,West,TEC-AC-10002323,Technology,Accessories,SanDisk Ultra 32 GB MicroSDHC Class 10 Memory Card,176.8,8,0,22.984
188,CA-2016-157000,16-07-2016,22-07-2016,Standard Class,AM-10360,Alice McCarthy,Corporate,United States,Grand Prairie,Texas,75051,Central,OFF-ST-10001328,Office Supplies,Storage,"Personal Filing Tote with Lid, Black/Gray",37.224,3,0.2,3.7224
189,CA-2016-157000,16-07-2016,22-07-2016,Standard Class,AM-10360,Alice McCarthy,Corporate,United States,Grand Prairie,Texas,75051,Central,OFF-PA-10001950,Office Supplies,Paper,Southworth 25% Cotton Antique Laid Paper & Envelopes,20.016,3,0.2,6.255
190,CA-2015-102281,12-10-2015,14-10-2015,First Class,MP-17470,Mark Packer,Home Office,United States,New York City,New York,10035,East,FUR-BO-10002613,Furniture,Bookcases,"Atlantic Metals Mobile 4-Shelf Bookcases, Custom Colors",899.136,4,0.2,112.392
191,CA-2015-102281,12-10-2015,14-10-2015,First Class,MP-17470,Mark Packer,Home Office,United States,New York City,New York,10035,East,TEC-PH-10001552,Technology,Phones,I Need's 3d Hello Kitty Hybrid Silicone Case Cover for HTC One X 4g with 3d Hello Kitty Stylus Pen Green/pink,71.76,6,0,20.0928
192,CA-2015-102281,12-10-2015,14-10-2015,First Class,MP-17470,Mark Packer,Home Office,United States,New York City,New York,10035,East,OFF-PA-10000061,Office Supplies,Paper,Xerox 205,51.84,8,0,24.8832
193,CA-2015-102281,12-10-2015,14-10-2015,First Class,MP-17470,Mark Packer,Home Office,United States,New York City,New York,10035,East,FUR-BO-10002545,Furniture,Bookcases,"Atlantic Metals Mobile 3-Shelf Bookcases, Custom Colors",626.352,3,0.2,46.9764
194,CA-2015-102281,12-10-2015,14-10-2015,First Class,MP-17470,Mark Packer,Home Office,United States,New York City,New York,10035,East,OFF-AR-10003514,Office Supplies,Art,4009 Highlighters by Sanford,19.9,5,0,6.567
195,CA-2015-131457,31-10-2015,06-11-2015,Standard Class,MZ-17515,Mary Zewe,Corporate,United States,Redlands,California,92374,West,OFF-EN-10001509,Office Supplies,Envelopes,Poly String Tie Envelopes,14.28,7,0,6.7116
196,CA-2014-140004,21-03-2014,25-03-2014,Standard Class,CB-12025,Cassandra Brandow,Consumer,United States,Hamilton,Ohio,45011,East,OFF-AR-10004685,Office Supplies,Art,"Binney & Smith Crayola Metallic Colored Pencils, 8-Color Set",7.408,2,0.2,1.2038
197,CA-2014-140004,21-03-2014,25-03-2014,Standard Class,CB-12025,Cassandra Brandow,Consumer,United States,Hamilton,Ohio,45011,East,OFF-AR-10004027,Office Supplies,Art,"Binney & Smith inkTank Erasable Desk Highlighter, Chisel Tip, Yellow, 12/Box",6.048,3,0.2,1.5876
198,CA-2017-107720,06-11-2017,13-11-2017,Standard Class,VM-21685,Valerie Mitchum,Home Office,United States,Westfield,New Jersey,7090,East,OFF-ST-10001414,Office Supplies,Storage,Decoflex Hanging Personal Folder File,46.26,3,0,12.0276
199,US-2017-124303,06-07-2017,13-07-2017,Standard Class,FH-14365,Fred Hopkins,Corporate,United States,Philadelphia,Pennsylvania,19120,East,OFF-BI-10000343,Office Supplies,Binders,"Pressboard Covers with Storage Hooks, 9 1/2"" x 11"", Light Blue",2.946,2,0.7,-2.2586
200,US-2017-124303,06-07-2017,13-07-2017,Standard Class,FH-14365,Fred Hopkins,Corporate,United States,Philadelphia,Pennsylvania,19120,East,OFF-PA-10002749,Office Supplies,Paper,"Wirebound Message Books, 5-1/2 x 4 Forms, 2 or 4 Forms per Page",16.056,3,0.2,5.8203
201,CA-2017-105074,24-06-2017,29-06-2017,Standard Class,MB-17305,Maria Bertelson,Consumer,United States,Akron,Ohio,44312,East,OFF-PA-10002666,Office Supplies,Paper,Southworth 25% Cotton Linen-Finish Paper & Envelopes,21.744,3,0.2,6.795
202,CA-2014-133690,03-08-2014,05-08-2014,First Class,BS-11755,Bruce Stewart,Consumer,United States,Denver,Colorado,80219,West,FUR-TA-10004289,Furniture,Tables,BoxOffice By Design Rectangular and Half-Moon Meeting Room Tables,218.75,2,0.5,-161.875
203,CA-2014-133690,03-08-2014,05-08-2014,First Class,BS-11755,Bruce Stewart,Consumer,United States,Denver,Colorado,80219,West,OFF-AP-10003622,Office Supplies,Appliances,"Bravo II Megaboss 12-Amp Hard Body Upright, Replacement Belts, 2 Belts per Pack",2.6,1,0.2,0.2925
204,US-2017-116701,17-12-2017,21-12-2017,Second Class,LC-17140,Logan Currie,Consumer,United States,Dallas,Texas,75220,Central,OFF-AP-10003217,Office Supplies,Appliances,Eureka Sanitaire  Commercial Upright,66.284,2,0.8,-178.9668
205,CA-2017-126382,03-06-2017,07-06-2017,Standard Class,HK-14890,Heather Kirkland,Corporate,United States,Franklin,Tennessee,37064,South,FUR-FU-10002960,Furniture,Furnishings,"Eldon 200 Class Desk Accessories, Burgundy",35.168,7,0.2,9.6712
206,CA-2017-108329,09-12-2017,14-12-2017,Standard Class,LE-16810,Laurel Elliston,Consumer,United States,Whittier,California,90604,West,TEC-PH-10001918,Technology,Phones,Nortel Business Series Terminal T7208 Digital phone,444.768,4,0.2,44.4768
207,CA-2017-135860,01-12-2017,07-12-2017,Standard Class,JH-15985,Joseph Holt,Consumer,United States,Saginaw,Michigan,48601,Central,OFF-ST-10000642,Office Supplies,Storage,"Tennsco Lockers, Gray",83.92,4,0,5.8744
208,CA-2017-135860,01-12-2017,07-12-2017,Standard Class,JH-15985,Joseph Holt,Consumer,United States,Saginaw,Michigan,48601,Central,TEC-PH-10001700,Technology,Phones,Panasonic KX-TG6844B Expandable Digital Cordless Telephone,131.98,2,0,35.6346
209,CA-2017-135860,01-12-2017,07-12-2017,Standard Class,JH-15985,Joseph Holt,Consumer,United States,Saginaw,Michigan,48601,Central,OFF-BI-10003274,Office Supplies,Binders,"Avery Durable Slant Ring Binders, No Labels",15.92,4,0,7.4824
210,CA-2017-135860,01-12-2017,07-12-2017,Standard Class,JH-15985,Joseph Holt,Consumer,United States,Saginaw,Michigan,48601,Central,OFF-FA-10000134,Office Supplies,Fasteners,"Advantus Push Pins, Aluminum Head",52.29,9,0,16.2099
211,CA-2017-135860,01-12-2017,07-12-2017,Standard Class,JH-15985,Joseph Holt,Consumer,United States,Saginaw,Michigan,48601,Central,OFF-ST-10001522,Office Supplies,Storage,"Gould Plastics 18-Pocket Panel Bin, 34w x 5-1/4d x 20-1/2h",91.99,1,0,3.6796
212,CA-2015-101007,09-02-2015,13-02-2015,Second Class,MS-17980,Michael Stewart,Corporate,United States,Dallas,Texas,75220,Central,TEC-AC-10001266,Technology,Accessories,Memorex Micro Travel Drive 8 GB,20.8,2,0.2,6.5
213,CA-2015-146262,02-01-2015,09-01-2015,Standard Class,VW-21775,Victoria Wilson,Corporate,United States,Medina,Ohio,44256,East,OFF-LA-10004544,Office Supplies,Labels,Avery 505,23.68,2,0.2,8.88
214,CA-2015-146262,02-01-2015,09-01-2015,Standard Class,VW-21775,Victoria Wilson,Corporate,United States,Medina,Ohio,44256,East,FUR-BO-10004695,Furniture,Bookcases,O'Sullivan 2-Door Barrister Bookcase in Odessa Pine,452.45,5,0.5,-244.323
215,CA-2015-146262,02-01-2015,09-01-2015,Standard Class,VW-21775,Victoria Wilson,Corporate,United States,Medina,Ohio,44256,East,TEC-PH-10002844,Technology,Phones,Speck Products Candyshell Flip Case,62.982,3,0.4,-14.6958
216,CA-2015-146262,02-01-2015,09-01-2015,Standard Class,VW-21775,Victoria Wilson,Corporate,United States,Medina,Ohio,44256,East,TEC-MA-10000864,Technology,Machines,Cisco 9971 IP Video Phone Charcoal,1188,9,0.7,-950.4
217,CA-2015-146262,02-01-2015,09-01-2015,Standard Class,VW-21775,Victoria Wilson,Corporate,United States,Medina,Ohio,44256,East,TEC-AC-10000109,Technology,Accessories,Sony Micro Vault Click 16 GB USB 2.0 Flash Drive,89.584,2,0.2,4.4792
218,CA-2016-130162,28-10-2016,01-11-2016,Standard Class,JH-15910,Jonathan Howell,Consumer,United States,Los Angeles,California,90032,West,OFF-ST-10001328,Office Supplies,Storage,"Personal Filing Tote with Lid, Black/Gray",93.06,6,0,26.0568
219,CA-2016-130162,28-10-2016,01-11-2016,Standard Class,JH-15910,Jonathan Howell,Consumer,United States,Los Angeles,California,90032,West,TEC-PH-10002563,Technology,Phones,Adtran 1202752G1,302.376,3,0.2,22.6782
220,CA-2015-169397,24-12-2015,27-12-2015,First Class,JB-15925,Joni Blumstein,Consumer,United States,Dublin,Ohio,43017,East,OFF-FA-10000585,Office Supplies,Fasteners,OIC Bulk Pack Metal Binder Clips,5.584,2,0.2,1.8148
221,CA-2015-169397,24-12-2015,27-12-2015,First Class,JB-15925,Joni Blumstein,Consumer,United States,Dublin,Ohio,43017,East,OFF-PA-10004000,Office Supplies,Paper,"While You Were Out Pads, 50 per Pad, 4 x 5 1/4, Green Cycle",22.704,6,0.2,8.2302
222,CA-2015-169397,24-12-2015,27-12-2015,First Class,JB-15925,Joni Blumstein,Consumer,United States,Dublin,Ohio,43017,East,OFF-BI-10002852,Office Supplies,Binders,Ibico Standard Transparent Covers,19.776,4,0.7,-13.8432
223,CA-2015-169397,24-12-2015,27-12-2015,First Class,JB-15925,Joni Blumstein,Consumer,United States,Dublin,Ohio,43017,East,FUR-FU-10000087,Furniture,Furnishings,"Executive Impressions 14"" Two-Color Numerals Wall Clock",72.704,4,0.2,19.0848
224,CA-2015-169397,24-12-2015,27-12-2015,First Class,JB-15925,Joni Blumstein,Consumer,United States,Dublin,Ohio,43017,East,TEC-MA-10001148,Technology,Machines,Swingline SM12-08 MicroCut Jam Free Shredder,479.988,4,0.7,-383.9904
225,CA-2015-169397,24-12-2015,27-12-2015,First Class,JB-15925,Joni Blumstein,Consumer,United States,Dublin,Ohio,43017,East,OFF-AR-10001958,Office Supplies,Art,Stanley Bostitch Contemporary Electric Pencil Sharpeners,27.168,2,0.2,2.7168
226,CA-2015-163055,09-08-2015,16-08-2015,Standard Class,DS-13180,David Smith,Corporate,United States,Detroit,Michigan,48227,Central,OFF-AR-10001026,Office Supplies,Art,"Sanford Uni-Blazer View Highlighters, Chisel Tip, Yellow",2.2,1,0,0.968
227,CA-2015-163055,09-08-2015,16-08-2015,Standard Class,DS-13180,David Smith,Corporate,United States,Detroit,Michigan,48227,Central,FUR-TA-10003748,Furniture,Tables,Bevis 36 x 72 Conference Tables,622.45,5,0,136.939
228,CA-2015-163055,09-08-2015,16-08-2015,Standard Class,DS-13180,David Smith,Corporate,United States,Detroit,Michigan,48227,Central,OFF-ST-10002485,Office Supplies,Storage,Rogers Deluxe File Chest,21.98,1,0,0.2198
229,US-2015-145436,28-02-2015,04-03-2015,Standard Class,VD-21670,Valerie Dominguez,Consumer,United States,Columbia,Tennessee,38401,South,FUR-CH-10004860,Furniture,Chairs,Global Low Back Tilter Chair,161.568,2,0.2,-28.2744
230,US-2015-145436,28-02-2015,04-03-2015,Standard Class,VD-21670,Valerie Dominguez,Consumer,United States,Columbia,Tennessee,38401,South,FUR-CH-10004477,Furniture,Chairs,"Global Push Button Manager's Chair, Indigo",389.696,8,0.2,43.8408
231,US-2014-156216,13-09-2014,17-09-2014,Standard Class,EA-14035,Erin Ashbrook,Corporate,United States,Charlotte,North Carolina,28205,South,OFF-BI-10001679,Office Supplies,Binders,GBC Instant Index System for Binding Systems,18.648,7,0.7,-12.432
232,US-2017-100930,07-04-2017,12-04-2017,Standard Class,CS-12400,Christopher Schild,Home Office,United States,Tampa,Florida,33614,South,FUR-TA-10001705,Furniture,Tables,Bush Advantage Collection Round Conference Table,233.86,2,0.45,-102.048
233,US-2017-100930,07-04-2017,12-04-2017,Standard Class,CS-12400,Christopher Schild,Home Office,United States,Tampa,Florida,33614,South,FUR-TA-10003473,Furniture,Tables,Bretford Rectangular Conference Table Tops,620.6145,3,0.45,-248.2458
234,US-2017-100930,07-04-2017,12-04-2017,Standard Class,CS-12400,Christopher Schild,Home Office,United States,Tampa,Florida,33614,South,OFF-BI-10001679,Office Supplies,Binders,GBC Instant Index System for Binding Systems,5.328,2,0.7,-3.552
235,US-2017-100930,07-04-2017,12-04-2017,Standard Class,CS-12400,Christopher Schild,Home Office,United States,Tampa,Florida,33614,South,FUR-FU-10004017,Furniture,Furnishings,"Tenex Contemporary Contur Chairmats for Low and Medium Pile Carpet, Computer, 39"" x 49""",258.072,3,0.2,0
236,US-2017-100930,07-04-2017,12-04-2017,Standard Class,CS-12400,Christopher Schild,Home Office,United States,Tampa,Florida,33614,South,TEC-AC-10003832,Technology,Accessories,LogitechÿP710e Mobile Speakerphone,617.976,3,0.2,-7.7247
237,CA-2017-160514,12-11-2017,16-11-2017,Standard Class,DB-13120,David Bremer,Corporate,United States,Santa Clara,California,95051,West,OFF-PA-10002479,Office Supplies,Paper,Xerox 4200 Series MultiUse Premium Copy Paper (20Lb. and 84 Bright),10.56,2,0,4.752
238,CA-2016-157749,04-06-2016,09-06-2016,Second Class,KL-16645,Ken Lonsdale,Consumer,United States,Chicago,Illinois,60610,Central,OFF-PA-10003349,Office Supplies,Paper,Xerox 1957,25.92,5,0.2,9.396
239,CA-2016-157749,04-06-2016,09-06-2016,Second Class,KL-16645,Ken Lonsdale,Consumer,United States,Chicago,Illinois,60610,Central,FUR-FU-10000576,Furniture,Furnishings,Luxo Professional Fluorescent Magnifier Lamp with Clamp-Mount Base,419.68,5,0.6,-356.728
240,CA-2016-157749,04-06-2016,09-06-2016,Second Class,KL-16645,Ken Lonsdale,Consumer,United States,Chicago,Illinois,60610,Central,FUR-FU-10004351,Furniture,Furnishings,Staple-based wall hangings,11.688,3,0.6,-4.6752
241,CA-2016-157749,04-06-2016,09-06-2016,Second Class,KL-16645,Ken Lonsdale,Consumer,United States,Chicago,Illinois,60610,Central,TEC-PH-10000011,Technology,Phones,PureGear Roll-On Screen Protector,31.984,2,0.2,11.1944
242,CA-2016-157749,04-06-2016,09-06-2016,Second Class,KL-16645,Ken Lonsdale,Consumer,United States,Chicago,Illinois,60610,Central,FUR-TA-10002607,Furniture,Tables,KI Conference Tables,177.225,5,0.5,-120.513
243,CA-2016-157749,04-06-2016,09-06-2016,Second Class,KL-16645,Ken Lonsdale,Consumer,United States,Chicago,Illinois,60610,Central,FUR-FU-10002505,Furniture,Furnishings,Eldon 100 Class Desk Accessories,4.044,3,0.6,-2.8308
244,CA-2016-157749,04-06-2016,09-06-2016,Second Class,KL-16645,Ken Lonsdale,Consumer,United States,Chicago,Illinois,60610,Central,OFF-AR-10004685,Office Supplies,Art,"Binney & Smith Crayola Metallic Colored Pencils, 8-Color Set",7.408,2,0.2,1.2038
245,CA-2014-131926,01-06-2014,06-06-2014,Second Class,DW-13480,Dianna Wilson,Home Office,United States,Lakeville,Minnesota,55044,Central,FUR-CH-10004063,Furniture,Chairs,Global Deluxe High-Back Manager's Chair,2001.86,7,0,580.5394
246,CA-2014-131926,01-06-2014,06-06-2014,Second Class,DW-13480,Dianna Wilson,Home Office,United States,Lakeville,Minnesota,55044,Central,OFF-ST-10002276,Office Supplies,Storage,Safco Steel Mobile File Cart,166.72,2,0,41.68
247,CA-2014-131926,01-06-2014,06-06-2014,Second Class,DW-13480,Dianna Wilson,Home Office,United States,Lakeville,Minnesota,55044,Central,OFF-PA-10004082,Office Supplies,Paper,"Adams Telephone Message Book w/Frequently-Called Numbers Space, 400 Messages per Book",47.88,6,0,23.94
248,CA-2014-131926,01-06-2014,06-06-2014,Second Class,DW-13480,Dianna Wilson,Home Office,United States,Lakeville,Minnesota,55044,Central,OFF-AP-10002945,Office Supplies,Appliances,Honeywell Enviracaire Portable HEPA Air Cleaner for 17' x 22' Room,1503.25,5,0,496.0725
249,CA-2014-131926,01-06-2014,06-06-2014,Second Class,DW-13480,Dianna Wilson,Home Office,United States,Lakeville,Minnesota,55044,Central,OFF-PA-10000061,Office Supplies,Paper,Xerox 205,25.92,4,0,12.4416
250,CA-2016-154739,10-12-2016,15-12-2016,Second Class,LH-17155,Logan Haushalter,Consumer,United States,San Francisco,California,94109,West,FUR-CH-10002965,Furniture,Chairs,"Global Leather Highback Executive Chair with Pneumatic Height Adjustment, Black",321.568,2,0.2,28.1372
251,CA-2016-145625,11-09-2016,17-09-2016,Standard Class,KC-16540,Kelly Collister,Consumer,United States,San Diego,California,92037,West,OFF-PA-10004569,Office Supplies,Paper,"Wirebound Message Books, Two 4 1/4"" x 5"" Forms per Page",7.61,1,0,3.5767
252,CA-2016-145625,11-09-2016,17-09-2016,Standard Class,KC-16540,Kelly Collister,Consumer,United States,San Diego,California,92037,West,TEC-AC-10003832,Technology,Accessories,LogitechÿP710e Mobile Speakerphone,3347.37,13,0,636.0003
253,CA-2016-146941,10-12-2016,13-12-2016,First Class,DL-13315,Delfina Latchford,Consumer,United States,New York City,New York,10024,East,OFF-ST-10001228,Office Supplies,Storage,"Fellowes Personal Hanging Folder Files, Navy",80.58,6,0,22.5624
254,CA-2016-146941,10-12-2016,13-12-2016,First Class,DL-13315,Delfina Latchford,Consumer,United States,New York City,New York,10024,East,OFF-EN-10003296,Office Supplies,Envelopes,Tyvek Side-Opening Peel & Seel Expanding Envelopes,361.92,4,0,162.864
255,US-2015-159982,28-11-2015,04-12-2015,Standard Class,DR-12880,Dan Reichenbach,Corporate,United States,Chicago,Illinois,60623,Central,FUR-FU-10002505,Furniture,Furnishings,Eldon 100 Class Desk Accessories,12.132,9,0.6,-8.4924
256,US-2015-159982,28-11-2015,04-12-2015,Standard Class,DR-12880,Dan Reichenbach,Corporate,United States,Chicago,Illinois,60623,Central,OFF-ST-10004804,Office Supplies,Storage,"Belkin 19"" Vented Equipment Shelf, Black",82.368,2,0.2,-19.5624
257,US-2015-159982,28-11-2015,04-12-2015,Standard Class,DR-12880,Dan Reichenbach,Corporate,United States,Chicago,Illinois,60623,Central,OFF-ST-10001590,Office Supplies,Storage,"Tenex Personal Project File with Scoop Front Design, Black",53.92,5,0.2,4.044
258,US-2015-159982,28-11-2015,04-12-2015,Standard Class,DR-12880,Dan Reichenbach,Corporate,United States,Chicago,Illinois,60623,Central,TEC-PH-10001580,Technology,Phones,Logitech Mobile Speakerphone P710e -ÿspeaker phone,647.904,6,0.2,56.6916
259,CA-2017-163139,01-12-2017,03-12-2017,Second Class,CC-12670,Craig Carreira,Consumer,United States,New York City,New York,10009,East,TEC-AC-10000290,Technology,Accessories,Sabrent 4-Port USB 2.0 Hub,20.37,3,0,6.9258
260,CA-2017-163139,01-12-2017,03-12-2017,Second Class,CC-12670,Craig Carreira,Consumer,United States,New York City,New York,10009,East,OFF-ST-10002790,Office Supplies,Storage,Safco Industrial Shelving,221.55,3,0,6.6465
261,CA-2017-163139,01-12-2017,03-12-2017,Second Class,CC-12670,Craig Carreira,Consumer,United States,New York City,New York,10009,East,OFF-BI-10003460,Office Supplies,Binders,Acco 3-Hole Punch,17.52,5,0.2,6.132
262,US-2017-155299,08-06-2017,12-06-2017,Standard Class,Dl-13600,Dorris liebe,Corporate,United States,Pasadena,Texas,77506,Central,OFF-AP-10002203,Office Supplies,Appliances,Eureka Disposable Bags for Sanitaire Vibra Groomer I Upright Vac,1.624,2,0.8,-4.466
263,US-2014-106992,19-09-2014,21-09-2014,Second Class,SB-20290,Sean Braxton,Corporate,United States,Houston,Texas,77036,Central,TEC-MA-10000822,Technology,Machines,Lexmark MX611dhe Monochrome Laser Printer,3059.982,3,0.4,-509.997
264,US-2014-106992,19-09-2014,21-09-2014,Second Class,SB-20290,Sean Braxton,Corporate,United States,Houston,Texas,77036,Central,TEC-MA-10003353,Technology,Machines,Xerox WorkCentre 6505DN Laser Multifunction Printer,2519.958,7,0.4,-251.9958
265,CA-2016-125318,06-06-2016,13-06-2016,Standard Class,RC-19825,Roy Collins,Consumer,United States,Chicago,Illinois,60610,Central,TEC-PH-10001433,Technology,Phones,Cisco Small Business SPA 502G VoIP phone,328.224,4,0.2,28.7196
266,CA-2015-155040,10-11-2015,15-11-2015,Standard Class,AH-10210,Alan Hwang,Consumer,United States,Brentwood,California,94513,West,TEC-AC-10004469,Technology,Accessories,Microsoft Sculpt Comfort Mouse,79.9,2,0,35.156
267,CA-2017-136826,16-06-2017,20-06-2017,Standard Class,CB-12535,Claudia Bergmann,Corporate,United States,Chapel Hill,North Carolina,27514,South,OFF-AR-10003602,Office Supplies,Art,"Quartet Omega Colored Chalk, 12/Pack",14.016,3,0.2,4.7304
268,CA-2016-111010,22-01-2016,28-01-2016,Standard Class,PG-18895,Paul Gonzalez,Consumer,United States,Morristown,New Jersey,7960,East,OFF-FA-10003472,Office Supplies,Fasteners,Bagged Rubber Bands,7.56,6,0,0.3024
269,US-2017-145366,09-12-2017,13-12-2017,Standard Class,CA-12310,Christine Abelman,Corporate,United States,Cincinnati,Ohio,45231,East,OFF-ST-10004180,Office Supplies,Storage,Safco Commercial Shelving,37.208,1,0.2,-7.4416
270,US-2017-145366,09-12-2017,13-12-2017,Standard Class,CA-12310,Christine Abelman,Corporate,United States,Cincinnati,Ohio,45231,East,OFF-EN-10004386,Office Supplies,Envelopes,"Recycled Interoffice Envelopes with String and Button Closure, 10 x 13",57.576,3,0.2,21.591
271,CA-2017-163979,28-12-2017,02-01-2018,Second Class,KH-16690,Kristen Hastings,Corporate,United States,San Francisco,California,94110,West,OFF-ST-10003208,Office Supplies,Storage,Adjustable Depth Letter/Legal Cart,725.84,4,0,210.4936
272,CA-2015-155334,30-07-2015,31-07-2015,First Class,HA-14920,Helen Andreada,Consumer,United States,San Francisco,California,94109,West,TEC-AC-10003628,Technology,Accessories,Logitech 910-002974 M325 Wireless Mouse for Web Scrolling,209.93,7,0,92.3692
273,CA-2015-155334,30-07-2015,31-07-2015,First Class,HA-14920,Helen Andreada,Consumer,United States,San Francisco,California,94109,West,FUR-FU-10003274,Furniture,Furnishings,Regeneration Desk Collection,5.28,3,0,2.3232
274,CA-2015-155334,30-07-2015,31-07-2015,First Class,HA-14920,Helen Andreada,Consumer,United States,San Francisco,California,94109,West,OFF-BI-10002557,Office Supplies,Binders,Presstex Flexible Ring Binders,10.92,3,0.2,4.095
275,CA-2017-118136,16-09-2017,17-09-2017,First Class,BB-10990,Barry Blumstein,Corporate,United States,Inglewood,California,90301,West,OFF-PA-10002615,Office Supplies,Paper,"Ampad Gold Fibre Wirebound Steno Books, 6"" x 9"", Gregg Ruled",8.82,2,0,4.0572
276,CA-2017-118136,16-09-2017,17-09-2017,First Class,BB-10990,Barry Blumstein,Corporate,United States,Inglewood,California,90301,West,OFF-AR-10001427,Office Supplies,Art,Newell 330,5.98,1,0,1.5548
277,CA-2017-132976,13-10-2017,17-10-2017,Standard Class,AG-10495,Andrew Gjertsen,Corporate,United States,Philadelphia,Pennsylvania,19140,East,OFF-PA-10000673,Office Supplies,Paper,"Post-it ?Important Message? Note Pad, Neon Colors, 50 Sheets/Pad",11.648,2,0.2,4.0768
278,CA-2017-132976,13-10-2017,17-10-2017,Standard Class,AG-10495,Andrew Gjertsen,Corporate,United States,Philadelphia,Pennsylvania,19140,East,OFF-PA-10004470,Office Supplies,Paper,"Adams Write n' Stick Phone Message Book, 11"" X 5 1/4"", 200 Messages",18.176,4,0.2,5.9072
279,CA-2017-132976,13-10-2017,17-10-2017,Standard Class,AG-10495,Andrew Gjertsen,Corporate,United States,Philadelphia,Pennsylvania,19140,East,OFF-ST-10000876,Office Supplies,Storage,Eldon Simplefile Box Office,59.712,6,0.2,5.9712
280,CA-2017-132976,13-10-2017,17-10-2017,Standard Class,AG-10495,Andrew Gjertsen,Corporate,United States,Philadelphia,Pennsylvania,19140,East,OFF-LA-10002043,Office Supplies,Labels,Avery 489,24.84,3,0.2,8.694
281,US-2015-161991,26-09-2015,28-09-2015,Second Class,SC-20725,Steven Cartwright,Consumer,United States,Houston,Texas,77070,Central,OFF-BI-10004967,Office Supplies,Binders,Round Ring Binders,2.08,5,0.8,-3.432
282,US-2015-161991,26-09-2015,28-09-2015,Second Class,SC-20725,Steven Cartwright,Consumer,United States,Houston,Texas,77070,Central,TEC-PH-10001760,Technology,Phones,Bose SoundLink Bluetooth Speaker,1114.4,7,0.2,376.11
283,CA-2015-130890,02-11-2015,06-11-2015,Standard Class,JO-15280,Jas O'Carroll,Consumer,United States,Los Angeles,California,90004,West,FUR-TA-10002903,Furniture,Tables,"Bevis Round Bullnose 29"" High Table Top",1038.84,5,0.2,51.942
284,CA-2015-130883,26-09-2015,02-10-2015,Standard Class,TB-21520,Tracy Blumstein,Consumer,United States,Portland,Oregon,97206,West,OFF-PA-10000474,Office Supplies,Paper,Easy-staple paper,141.76,5,0.2,47.844
285,CA-2015-130883,26-09-2015,02-10-2015,Standard Class,TB-21520,Tracy Blumstein,Consumer,United States,Portland,Oregon,97206,West,TEC-AC-10001956,Technology,Accessories,Microsoft Arc Touch Mouse,239.8,5,0.2,47.96
286,CA-2015-130883,26-09-2015,02-10-2015,Standard Class,TB-21520,Tracy Blumstein,Consumer,United States,Portland,Oregon,97206,West,OFF-PA-10004100,Office Supplies,Paper,Xerox 216,31.104,6,0.2,10.8864
287,CA-2016-112697,18-12-2016,20-12-2016,Second Class,AH-10195,Alan Haines,Corporate,United States,Tamarac,Florida,33319,South,OFF-BI-10000778,Office Supplies,Binders,GBC VeloBinder Electric Binding Machine,254.058,7,0.7,-169.372
288,CA-2016-112697,18-12-2016,20-12-2016,Second Class,AH-10195,Alan Haines,Corporate,United States,Tamarac,Florida,33319,South,OFF-AP-10002684,Office Supplies,Appliances,"Acco 7-Outlet Masterpiece Power Center, Wihtout Fax/Phone Line Protection",194.528,2,0.2,24.316
289,CA-2016-112697,18-12-2016,20-12-2016,Second Class,AH-10195,Alan Haines,Corporate,United States,Tamarac,Florida,33319,South,OFF-SU-10000646,Office Supplies,Supplies,Premier Automatic Letter Opener,961.48,5,0.2,-204.3145
290,CA-2016-110772,20-11-2016,24-11-2016,Second Class,NZ-18565,Nick Zandusky,Home Office,United States,Columbus,Ohio,43229,East,OFF-FA-10002983,Office Supplies,Fasteners,Advantus SlideClip Paper Clips,19.096,7,0.2,6.6836
291,CA-2016-110772,20-11-2016,24-11-2016,Second Class,NZ-18565,Nick Zandusky,Home Office,United States,Columbus,Ohio,43229,East,OFF-LA-10004689,Office Supplies,Labels,Avery 512,18.496,8,0.2,6.2424
292,CA-2016-110772,20-11-2016,24-11-2016,Second Class,NZ-18565,Nick Zandusky,Home Office,United States,Columbus,Ohio,43229,East,TEC-AC-10002001,Technology,Accessories,Logitech Wireless Gaming Headset G930,255.984,2,0.2,54.3966
293,CA-2016-110772,20-11-2016,24-11-2016,Second Class,NZ-18565,Nick Zandusky,Home Office,United States,Columbus,Ohio,43229,East,FUR-BO-10004709,Furniture,Bookcases,"Bush Westfield Collection Bookcases, Medium Cherry Finish",86.97,3,0.5,-48.7032
294,CA-2014-111451,26-12-2014,28-12-2014,First Class,KL-16555,Kelly Lampkin,Corporate,United States,Colorado Springs,Colorado,80906,West,FUR-FU-10004091,Furniture,Furnishings,"Howard Miller 13"" Diameter Goldtone Round Wall Clock",300.416,8,0.2,78.8592
295,CA-2014-111451,26-12-2014,28-12-2014,First Class,KL-16555,Kelly Lampkin,Corporate,United States,Colorado Springs,Colorado,80906,West,FUR-CH-10001891,Furniture,Chairs,Global Deluxe Office Fabric Chairs,230.352,3,0.2,20.1558
296,CA-2014-111451,26-12-2014,28-12-2014,First Class,KL-16555,Kelly Lampkin,Corporate,United States,Colorado Springs,Colorado,80906,West,FUR-FU-10002918,Furniture,Furnishings,Eldon ClusterMat Chair Mat with Cordless Antistatic Protection,218.352,3,0.2,-24.5646
297,CA-2014-111451,26-12-2014,28-12-2014,First Class,KL-16555,Kelly Lampkin,Corporate,United States,Colorado Springs,Colorado,80906,West,OFF-BI-10004593,Office Supplies,Binders,Ibico Laser Imprintable Binding System Covers,78.6,5,0.7,-62.88
298,CA-2014-111451,26-12-2014,28-12-2014,First Class,KL-16555,Kelly Lampkin,Corporate,United States,Colorado Springs,Colorado,80906,West,OFF-FA-10004854,Office Supplies,Fasteners,"Vinyl Coated Wire Paper Clips in Organizer Box, 800/Box",27.552,3,0.2,9.2988
299,CA-2016-142545,28-10-2016,03-11-2016,Standard Class,JD-15895,Jonathan Doherty,Corporate,United States,Belleville,New Jersey,7109,East,OFF-PA-10002105,Office Supplies,Paper,Xerox 223,32.4,5,0,15.552
